̏j,̏j
2017-01-01,
2017-01-09,l̓
2017-02-11,LO̓
2017-03-20,t̓
2017-04-29,a̓
2017-05-03,@LO
2017-05-04,݂ǂ̓
2017-05-05,ǂ̓
2017-07-17,C̓
2017-08-11,R̓
2017-09-18,hV̓
2017-09-23,H̓
2017-10-09,̈̓
2017-11-03,̓
2017-11-23,ΘJӂ̓
2017-12-23,Vca
2018-01-01,
2018-01-08,l̓
2018-02-11,LO̓
2018-03-21,t̓
2018-04-29,a̓
2018-05-03,@LO
2018-05-04,݂ǂ̓
2018-05-05,ǂ̓
2018-07-16,C̓
2018-08-11,R̓
2018-09-17,hV̓
2018-09-23,H̓
2018-10-08,̈̓
2018-11-03,̓
2018-11-23,ΘJӂ̓
2018-12-23,Vca
2019-01-01,
2019-01-14,l̓
2019-02-11,LO̓
2019-03-21,t̓
2019-04-29,a̓
2019-05-03,@LO
2019-05-04,݂ǂ̓
2019-05-05,ǂ̓
2019-07-15,C̓
2019-08-11,R̓
2019-09-16,hV̓
2019-09-23,H̓
2019-10-14,̈̓
2019-11-03,̓
2019-11-23,ΘJӂ̓
